dataset,resource,line-number,entry-number,field,issue-type,value,message
parish,6ba76db9fabbaef9de65143166108cfbe2280b83c226b0e77f2fb92954e87229,1068,0,entity,unknown entity,statistical-geography:E04001211,
parish,6ba76db9fabbaef9de65143166108cfbe2280b83c226b0e77f2fb92954e87229,9528,0,entity,unknown entity,statistical-geography:E04012334,
parish,6ba76db9fabbaef9de65143166108cfbe2280b83c226b0e77f2fb92954e87229,10112,0,entity,unknown entity,statistical-geography:E04012990,
parish,6ba76db9fabbaef9de65143166108cfbe2280b83c226b0e77f2fb92954e87229,10113,0,entity,unknown entity,statistical-geography:E04012991,
parish,6ba76db9fabbaef9de65143166108cfbe2280b83c226b0e77f2fb92954e87229,10114,0,entity,unknown entity,statistical-geography:E04012992,
parish,6ba76db9fabbaef9de65143166108cfbe2280b83c226b0e77f2fb92954e87229,10115,0,entity,unknown entity,statistical-geography:E04012993,
parish,6ba76db9fabbaef9de65143166108cfbe2280b83c226b0e77f2fb92954e87229,10116,0,entity,unknown entity,statistical-geography:E04012994,
parish,6ba76db9fabbaef9de65143166108cfbe2280b83c226b0e77f2fb92954e87229,10117,0,entity,unknown entity,statistical-geography:E04012995,
parish,6ba76db9fabbaef9de65143166108cfbe2280b83c226b0e77f2fb92954e87229,10118,0,entity,unknown entity,statistical-geography:E04012996,
parish,6ba76db9fabbaef9de65143166108cfbe2280b83c226b0e77f2fb92954e87229,10119,0,entity,unknown entity,statistical-geography:E04012997,
parish,6ba76db9fabbaef9de65143166108cfbe2280b83c226b0e77f2fb92954e87229,10120,0,entity,unknown entity,statistical-geography:E04012998,
parish,6ba76db9fabbaef9de65143166108cfbe2280b83c226b0e77f2fb92954e87229,10121,0,entity,unknown entity,statistical-geography:E04012999,
parish,6ba76db9fabbaef9de65143166108cfbe2280b83c226b0e77f2fb92954e87229,10122,0,entity,unknown entity,statistical-geography:E04013000,
parish,6ba76db9fabbaef9de65143166108cfbe2280b83c226b0e77f2fb92954e87229,10123,0,entity,unknown entity,statistical-geography:E04013001,
parish,6ba76db9fabbaef9de65143166108cfbe2280b83c226b0e77f2fb92954e87229,10124,0,entity,unknown entity,statistical-geography:E04013002,
parish,6ba76db9fabbaef9de65143166108cfbe2280b83c226b0e77f2fb92954e87229,10125,0,entity,unknown entity,statistical-geography:E04013003,
parish,6ba76db9fabbaef9de65143166108cfbe2280b83c226b0e77f2fb92954e87229,10126,0,entity,unknown entity,statistical-geography:E04013004,
parish,6ba76db9fabbaef9de65143166108cfbe2280b83c226b0e77f2fb92954e87229,10127,0,entity,unknown entity,statistical-geography:E04013005,
parish,6ba76db9fabbaef9de65143166108cfbe2280b83c226b0e77f2fb92954e87229,10128,0,entity,unknown entity,statistical-geography:E04013006,
parish,6ba76db9fabbaef9de65143166108cfbe2280b83c226b0e77f2fb92954e87229,10129,0,entity,unknown entity,statistical-geography:E04013007,
parish,6ba76db9fabbaef9de65143166108cfbe2280b83c226b0e77f2fb92954e87229,10130,0,entity,unknown entity,statistical-geography:E04013008,
parish,6ba76db9fabbaef9de65143166108cfbe2280b83c226b0e77f2fb92954e87229,10131,0,entity,unknown entity,statistical-geography:E04013009,
parish,6ba76db9fabbaef9de65143166108cfbe2280b83c226b0e77f2fb92954e87229,10132,0,entity,unknown entity,statistical-geography:E04013010,
parish,6ba76db9fabbaef9de65143166108cfbe2280b83c226b0e77f2fb92954e87229,10133,0,entity,unknown entity,statistical-geography:E04013012,
parish,6ba76db9fabbaef9de65143166108cfbe2280b83c226b0e77f2fb92954e87229,10134,0,entity,unknown entity,statistical-geography:E04013013,
parish,6ba76db9fabbaef9de65143166108cfbe2280b83c226b0e77f2fb92954e87229,10135,0,entity,unknown entity,statistical-geography:E04013014,
parish,6ba76db9fabbaef9de65143166108cfbe2280b83c226b0e77f2fb92954e87229,10136,0,entity,unknown entity,statistical-geography:E04013015,
parish,6ba76db9fabbaef9de65143166108cfbe2280b83c226b0e77f2fb92954e87229,10137,0,entity,unknown entity,statistical-geography:E04013016,
parish,6ba76db9fabbaef9de65143166108cfbe2280b83c226b0e77f2fb92954e87229,10138,0,entity,unknown entity,statistical-geography:E04013017,
parish,6ba76db9fabbaef9de65143166108cfbe2280b83c226b0e77f2fb92954e87229,10139,0,entity,unknown entity,statistical-geography:E04013018,
parish,6ba76db9fabbaef9de65143166108cfbe2280b83c226b0e77f2fb92954e87229,10140,0,entity,unknown entity,statistical-geography:E04013019,
parish,6ba76db9fabbaef9de65143166108cfbe2280b83c226b0e77f2fb92954e87229,10141,0,entity,unknown entity,statistical-geography:E04013020,
parish,6ba76db9fabbaef9de65143166108cfbe2280b83c226b0e77f2fb92954e87229,10142,0,entity,unknown entity,statistical-geography:E04013021,
parish,6ba76db9fabbaef9de65143166108cfbe2280b83c226b0e77f2fb92954e87229,10143,0,entity,unknown entity,statistical-geography:E04013022,
parish,6ba76db9fabbaef9de65143166108cfbe2280b83c226b0e77f2fb92954e87229,10144,0,entity,unknown entity,statistical-geography:E04013023,
parish,6ba76db9fabbaef9de65143166108cfbe2280b83c226b0e77f2fb92954e87229,10145,0,entity,unknown entity,statistical-geography:E04013024,
parish,6ba76db9fabbaef9de65143166108cfbe2280b83c226b0e77f2fb92954e87229,10146,0,entity,unknown entity,statistical-geography:E04013025,
parish,6ba76db9fabbaef9de65143166108cfbe2280b83c226b0e77f2fb92954e87229,10147,0,entity,unknown entity,statistical-geography:E04013026,
parish,6ba76db9fabbaef9de65143166108cfbe2280b83c226b0e77f2fb92954e87229,10148,0,entity,unknown entity,statistical-geography:E04013027,
parish,6ba76db9fabbaef9de65143166108cfbe2280b83c226b0e77f2fb92954e87229,10149,0,entity,unknown entity,statistical-geography:E04013028,
parish,6ba76db9fabbaef9de65143166108cfbe2280b83c226b0e77f2fb92954e87229,10150,0,entity,unknown entity,statistical-geography:E04013029,
parish,6ba76db9fabbaef9de65143166108cfbe2280b83c226b0e77f2fb92954e87229,10151,0,entity,unknown entity,statistical-geography:E04013030,
parish,6ba76db9fabbaef9de65143166108cfbe2280b83c226b0e77f2fb92954e87229,10152,0,entity,unknown entity,statistical-geography:E04013031,
parish,6ba76db9fabbaef9de65143166108cfbe2280b83c226b0e77f2fb92954e87229,10153,0,entity,unknown entity,statistical-geography:E04013032,
parish,6ba76db9fabbaef9de65143166108cfbe2280b83c226b0e77f2fb92954e87229,10154,0,entity,unknown entity,statistical-geography:E04013033,
parish,6ba76db9fabbaef9de65143166108cfbe2280b83c226b0e77f2fb92954e87229,10155,0,entity,unknown entity,statistical-geography:E04013034,
parish,6ba76db9fabbaef9de65143166108cfbe2280b83c226b0e77f2fb92954e87229,10156,0,entity,unknown entity,statistical-geography:E04013035,
parish,6ba76db9fabbaef9de65143166108cfbe2280b83c226b0e77f2fb92954e87229,10157,0,entity,unknown entity,statistical-geography:E04013036,
parish,6ba76db9fabbaef9de65143166108cfbe2280b83c226b0e77f2fb92954e87229,10158,0,entity,unknown entity,statistical-geography:E04013037,
parish,6ba76db9fabbaef9de65143166108cfbe2280b83c226b0e77f2fb92954e87229,10159,0,entity,unknown entity,statistical-geography:E04013038,
parish,6ba76db9fabbaef9de65143166108cfbe2280b83c226b0e77f2fb92954e87229,10160,0,entity,unknown entity,statistical-geography:E04013039,
parish,6ba76db9fabbaef9de65143166108cfbe2280b83c226b0e77f2fb92954e87229,10161,0,entity,unknown entity,statistical-geography:E04013040,
parish,6ba76db9fabbaef9de65143166108cfbe2280b83c226b0e77f2fb92954e87229,10162,0,entity,unknown entity,statistical-geography:E04013041,
parish,6ba76db9fabbaef9de65143166108cfbe2280b83c226b0e77f2fb92954e87229,10163,0,entity,unknown entity,statistical-geography:E04013042,
parish,6ba76db9fabbaef9de65143166108cfbe2280b83c226b0e77f2fb92954e87229,10164,0,entity,unknown entity,statistical-geography:E04013043,
parish,6ba76db9fabbaef9de65143166108cfbe2280b83c226b0e77f2fb92954e87229,10165,0,entity,unknown entity,statistical-geography:E04013044,
parish,6ba76db9fabbaef9de65143166108cfbe2280b83c226b0e77f2fb92954e87229,10166,0,entity,unknown entity,statistical-geography:E04013045,
parish,6ba76db9fabbaef9de65143166108cfbe2280b83c226b0e77f2fb92954e87229,10167,0,entity,unknown entity,statistical-geography:E04013046,
parish,6ba76db9fabbaef9de65143166108cfbe2280b83c226b0e77f2fb92954e87229,10168,0,entity,unknown entity,statistical-geography:E04013047,
parish,6ba76db9fabbaef9de65143166108cfbe2280b83c226b0e77f2fb92954e87229,10169,0,entity,unknown entity,statistical-geography:E04013048,
parish,6ba76db9fabbaef9de65143166108cfbe2280b83c226b0e77f2fb92954e87229,10170,0,entity,unknown entity,statistical-geography:E04013049,
parish,6ba76db9fabbaef9de65143166108cfbe2280b83c226b0e77f2fb92954e87229,10171,0,entity,unknown entity,statistical-geography:E04013050,
parish,6ba76db9fabbaef9de65143166108cfbe2280b83c226b0e77f2fb92954e87229,10172,0,entity,unknown entity,statistical-geography:E04013051,
parish,6ba76db9fabbaef9de65143166108cfbe2280b83c226b0e77f2fb92954e87229,10173,0,entity,unknown entity,statistical-geography:E04013052,
parish,6ba76db9fabbaef9de65143166108cfbe2280b83c226b0e77f2fb92954e87229,10174,0,entity,unknown entity,statistical-geography:E04013053,
parish,6ba76db9fabbaef9de65143166108cfbe2280b83c226b0e77f2fb92954e87229,10175,0,entity,unknown entity,statistical-geography:E04013054,
parish,6ba76db9fabbaef9de65143166108cfbe2280b83c226b0e77f2fb92954e87229,10176,0,entity,unknown entity,statistical-geography:E04013055,
parish,6ba76db9fabbaef9de65143166108cfbe2280b83c226b0e77f2fb92954e87229,10177,0,entity,unknown entity,statistical-geography:E04013056,
parish,6ba76db9fabbaef9de65143166108cfbe2280b83c226b0e77f2fb92954e87229,10178,0,entity,unknown entity,statistical-geography:E04013057,
parish,6ba76db9fabbaef9de65143166108cfbe2280b83c226b0e77f2fb92954e87229,10179,0,entity,unknown entity,statistical-geography:E04013058,
parish,6ba76db9fabbaef9de65143166108cfbe2280b83c226b0e77f2fb92954e87229,10180,0,entity,unknown entity,statistical-geography:E04013059,
parish,6ba76db9fabbaef9de65143166108cfbe2280b83c226b0e77f2fb92954e87229,10181,0,entity,unknown entity,statistical-geography:E04013060,
parish,6ba76db9fabbaef9de65143166108cfbe2280b83c226b0e77f2fb92954e87229,10182,0,entity,unknown entity,statistical-geography:E04013061,
parish,6ba76db9fabbaef9de65143166108cfbe2280b83c226b0e77f2fb92954e87229,10183,0,entity,unknown entity,statistical-geography:E04013062,
parish,6ba76db9fabbaef9de65143166108cfbe2280b83c226b0e77f2fb92954e87229,10184,0,entity,unknown entity,statistical-geography:E04013063,
parish,6ba76db9fabbaef9de65143166108cfbe2280b83c226b0e77f2fb92954e87229,10185,0,entity,unknown entity,statistical-geography:E04013064,
parish,6ba76db9fabbaef9de65143166108cfbe2280b83c226b0e77f2fb92954e87229,10186,0,entity,unknown entity,statistical-geography:E04013065,
parish,6ba76db9fabbaef9de65143166108cfbe2280b83c226b0e77f2fb92954e87229,10187,0,entity,unknown entity,statistical-geography:E04013066,
parish,6ba76db9fabbaef9de65143166108cfbe2280b83c226b0e77f2fb92954e87229,10188,0,entity,unknown entity,statistical-geography:E04013067,
parish,6ba76db9fabbaef9de65143166108cfbe2280b83c226b0e77f2fb92954e87229,10189,0,entity,unknown entity,statistical-geography:E04013068,
parish,6ba76db9fabbaef9de65143166108cfbe2280b83c226b0e77f2fb92954e87229,10190,0,entity,unknown entity,statistical-geography:E04013069,
parish,6ba76db9fabbaef9de65143166108cfbe2280b83c226b0e77f2fb92954e87229,10191,0,entity,unknown entity,statistical-geography:E04013070,
parish,6ba76db9fabbaef9de65143166108cfbe2280b83c226b0e77f2fb92954e87229,10192,0,entity,unknown entity,statistical-geography:E04013071,
parish,6ba76db9fabbaef9de65143166108cfbe2280b83c226b0e77f2fb92954e87229,10193,0,entity,unknown entity,statistical-geography:E04013072,
parish,6ba76db9fabbaef9de65143166108cfbe2280b83c226b0e77f2fb92954e87229,10194,0,entity,unknown entity,statistical-geography:E04013073,
parish,6ba76db9fabbaef9de65143166108cfbe2280b83c226b0e77f2fb92954e87229,10195,0,entity,unknown entity,statistical-geography:E04013074,
parish,6ba76db9fabbaef9de65143166108cfbe2280b83c226b0e77f2fb92954e87229,10196,0,entity,unknown entity,statistical-geography:E04013075,
parish,6ba76db9fabbaef9de65143166108cfbe2280b83c226b0e77f2fb92954e87229,10197,0,entity,unknown entity,statistical-geography:E04013076,
parish,6ba76db9fabbaef9de65143166108cfbe2280b83c226b0e77f2fb92954e87229,10198,0,entity,unknown entity,statistical-geography:E04013077,
parish,6ba76db9fabbaef9de65143166108cfbe2280b83c226b0e77f2fb92954e87229,10199,0,entity,unknown entity,statistical-geography:E04013078,
parish,6ba76db9fabbaef9de65143166108cfbe2280b83c226b0e77f2fb92954e87229,10200,0,entity,unknown entity,statistical-geography:E04013079,
parish,6ba76db9fabbaef9de65143166108cfbe2280b83c226b0e77f2fb92954e87229,10201,0,entity,unknown entity,statistical-geography:E04013080,
parish,6ba76db9fabbaef9de65143166108cfbe2280b83c226b0e77f2fb92954e87229,10202,0,entity,unknown entity,statistical-geography:E04013081,
parish,6ba76db9fabbaef9de65143166108cfbe2280b83c226b0e77f2fb92954e87229,10203,0,entity,unknown entity,statistical-geography:E04013082,
parish,6ba76db9fabbaef9de65143166108cfbe2280b83c226b0e77f2fb92954e87229,10204,0,entity,unknown entity,statistical-geography:E04013083,
parish,6ba76db9fabbaef9de65143166108cfbe2280b83c226b0e77f2fb92954e87229,10205,0,entity,unknown entity,statistical-geography:E04013084,
parish,6ba76db9fabbaef9de65143166108cfbe2280b83c226b0e77f2fb92954e87229,10206,0,entity,unknown entity,statistical-geography:E04013085,
parish,6ba76db9fabbaef9de65143166108cfbe2280b83c226b0e77f2fb92954e87229,10207,0,entity,unknown entity,statistical-geography:E04013086,
parish,6ba76db9fabbaef9de65143166108cfbe2280b83c226b0e77f2fb92954e87229,10208,0,entity,unknown entity,statistical-geography:E04013087,
parish,6ba76db9fabbaef9de65143166108cfbe2280b83c226b0e77f2fb92954e87229,10209,0,entity,unknown entity,statistical-geography:E04013088,
parish,6ba76db9fabbaef9de65143166108cfbe2280b83c226b0e77f2fb92954e87229,10210,0,entity,unknown entity,statistical-geography:E04013089,
parish,6ba76db9fabbaef9de65143166108cfbe2280b83c226b0e77f2fb92954e87229,10211,0,entity,unknown entity,statistical-geography:E04013090,
parish,6ba76db9fabbaef9de65143166108cfbe2280b83c226b0e77f2fb92954e87229,10212,0,entity,unknown entity,statistical-geography:E04013091,
parish,6ba76db9fabbaef9de65143166108cfbe2280b83c226b0e77f2fb92954e87229,10213,0,entity,unknown entity,statistical-geography:E04013092,
parish,6ba76db9fabbaef9de65143166108cfbe2280b83c226b0e77f2fb92954e87229,10214,0,entity,unknown entity,statistical-geography:E04013093,
parish,6ba76db9fabbaef9de65143166108cfbe2280b83c226b0e77f2fb92954e87229,10215,0,entity,unknown entity,statistical-geography:E04013094,
parish,6ba76db9fabbaef9de65143166108cfbe2280b83c226b0e77f2fb92954e87229,10216,0,entity,unknown entity,statistical-geography:E04013095,
parish,6ba76db9fabbaef9de65143166108cfbe2280b83c226b0e77f2fb92954e87229,10217,0,entity,unknown entity,statistical-geography:E04013096,
parish,6ba76db9fabbaef9de65143166108cfbe2280b83c226b0e77f2fb92954e87229,10218,0,entity,unknown entity,statistical-geography:E04013097,
parish,6ba76db9fabbaef9de65143166108cfbe2280b83c226b0e77f2fb92954e87229,10219,0,entity,unknown entity,statistical-geography:E04013098,
parish,6ba76db9fabbaef9de65143166108cfbe2280b83c226b0e77f2fb92954e87229,10220,0,entity,unknown entity,statistical-geography:E04013099,
parish,6ba76db9fabbaef9de65143166108cfbe2280b83c226b0e77f2fb92954e87229,10221,0,entity,unknown entity,statistical-geography:E04013100,
parish,6ba76db9fabbaef9de65143166108cfbe2280b83c226b0e77f2fb92954e87229,10222,0,entity,unknown entity,statistical-geography:E04013101,
parish,6ba76db9fabbaef9de65143166108cfbe2280b83c226b0e77f2fb92954e87229,10223,0,entity,unknown entity,statistical-geography:E04013102,
parish,6ba76db9fabbaef9de65143166108cfbe2280b83c226b0e77f2fb92954e87229,10224,0,entity,unknown entity,statistical-geography:E04013103,
parish,6ba76db9fabbaef9de65143166108cfbe2280b83c226b0e77f2fb92954e87229,10225,0,entity,unknown entity,statistical-geography:E04013104,
parish,6ba76db9fabbaef9de65143166108cfbe2280b83c226b0e77f2fb92954e87229,10226,0,entity,unknown entity,statistical-geography:E04013105,
parish,6ba76db9fabbaef9de65143166108cfbe2280b83c226b0e77f2fb92954e87229,10227,0,entity,unknown entity,statistical-geography:E04013106,
parish,6ba76db9fabbaef9de65143166108cfbe2280b83c226b0e77f2fb92954e87229,10228,0,entity,unknown entity,statistical-geography:E04013107,
parish,6ba76db9fabbaef9de65143166108cfbe2280b83c226b0e77f2fb92954e87229,10229,0,entity,unknown entity,statistical-geography:E04013108,
parish,6ba76db9fabbaef9de65143166108cfbe2280b83c226b0e77f2fb92954e87229,10230,0,entity,unknown entity,statistical-geography:E04013109,
parish,6ba76db9fabbaef9de65143166108cfbe2280b83c226b0e77f2fb92954e87229,10231,0,entity,unknown entity,statistical-geography:E04013110,
parish,6ba76db9fabbaef9de65143166108cfbe2280b83c226b0e77f2fb92954e87229,10232,0,entity,unknown entity,statistical-geography:E04013111,
parish,6ba76db9fabbaef9de65143166108cfbe2280b83c226b0e77f2fb92954e87229,10233,0,entity,unknown entity,statistical-geography:E04013112,
parish,6ba76db9fabbaef9de65143166108cfbe2280b83c226b0e77f2fb92954e87229,10234,0,entity,unknown entity,statistical-geography:E04013113,
parish,6ba76db9fabbaef9de65143166108cfbe2280b83c226b0e77f2fb92954e87229,10235,0,entity,unknown entity,statistical-geography:E04013114,
parish,6ba76db9fabbaef9de65143166108cfbe2280b83c226b0e77f2fb92954e87229,10236,0,entity,unknown entity,statistical-geography:E04013115,
parish,6ba76db9fabbaef9de65143166108cfbe2280b83c226b0e77f2fb92954e87229,10237,0,entity,unknown entity,statistical-geography:E04013116,
parish,6ba76db9fabbaef9de65143166108cfbe2280b83c226b0e77f2fb92954e87229,10238,0,entity,unknown entity,statistical-geography:E04013117,
parish,6ba76db9fabbaef9de65143166108cfbe2280b83c226b0e77f2fb92954e87229,10239,0,entity,unknown entity,statistical-geography:E04013118,
parish,6ba76db9fabbaef9de65143166108cfbe2280b83c226b0e77f2fb92954e87229,10240,0,entity,unknown entity,statistical-geography:E04013119,
parish,6ba76db9fabbaef9de65143166108cfbe2280b83c226b0e77f2fb92954e87229,10241,0,entity,unknown entity,statistical-geography:E04013120,
parish,6ba76db9fabbaef9de65143166108cfbe2280b83c226b0e77f2fb92954e87229,10242,0,entity,unknown entity,statistical-geography:E04013121,
parish,6ba76db9fabbaef9de65143166108cfbe2280b83c226b0e77f2fb92954e87229,10243,0,entity,unknown entity,statistical-geography:E04013122,
parish,6ba76db9fabbaef9de65143166108cfbe2280b83c226b0e77f2fb92954e87229,10244,0,entity,unknown entity,statistical-geography:E04013123,
parish,6ba76db9fabbaef9de65143166108cfbe2280b83c226b0e77f2fb92954e87229,10245,0,entity,unknown entity,statistical-geography:E04013124,
parish,6ba76db9fabbaef9de65143166108cfbe2280b83c226b0e77f2fb92954e87229,10246,0,entity,unknown entity,statistical-geography:E04013125,
parish,6ba76db9fabbaef9de65143166108cfbe2280b83c226b0e77f2fb92954e87229,10247,0,entity,unknown entity,statistical-geography:E04013126,
parish,6ba76db9fabbaef9de65143166108cfbe2280b83c226b0e77f2fb92954e87229,10248,0,entity,unknown entity,statistical-geography:E04013128,
parish,6ba76db9fabbaef9de65143166108cfbe2280b83c226b0e77f2fb92954e87229,10249,0,entity,unknown entity,statistical-geography:E04013129,
parish,6ba76db9fabbaef9de65143166108cfbe2280b83c226b0e77f2fb92954e87229,10250,0,entity,unknown entity,statistical-geography:E04013130,
parish,6ba76db9fabbaef9de65143166108cfbe2280b83c226b0e77f2fb92954e87229,10251,0,entity,unknown entity,statistical-geography:E04013131,
parish,6ba76db9fabbaef9de65143166108cfbe2280b83c226b0e77f2fb92954e87229,10252,0,entity,unknown entity,statistical-geography:E04013132,
parish,6ba76db9fabbaef9de65143166108cfbe2280b83c226b0e77f2fb92954e87229,10253,0,entity,unknown entity,statistical-geography:E04013133,
parish,6ba76db9fabbaef9de65143166108cfbe2280b83c226b0e77f2fb92954e87229,10254,0,entity,unknown entity,statistical-geography:E04013134,
parish,6ba76db9fabbaef9de65143166108cfbe2280b83c226b0e77f2fb92954e87229,10255,0,entity,unknown entity,statistical-geography:E04013135,
parish,6ba76db9fabbaef9de65143166108cfbe2280b83c226b0e77f2fb92954e87229,10256,0,entity,unknown entity,statistical-geography:E04013136,
parish,6ba76db9fabbaef9de65143166108cfbe2280b83c226b0e77f2fb92954e87229,10257,0,entity,unknown entity,statistical-geography:E04013137,
parish,6ba76db9fabbaef9de65143166108cfbe2280b83c226b0e77f2fb92954e87229,10258,0,entity,unknown entity,statistical-geography:E04013138,
parish,6ba76db9fabbaef9de65143166108cfbe2280b83c226b0e77f2fb92954e87229,10259,0,entity,unknown entity,statistical-geography:E04013139,
parish,6ba76db9fabbaef9de65143166108cfbe2280b83c226b0e77f2fb92954e87229,10260,0,entity,unknown entity,statistical-geography:E04013140,
parish,6ba76db9fabbaef9de65143166108cfbe2280b83c226b0e77f2fb92954e87229,10261,0,entity,unknown entity,statistical-geography:E04013141,
parish,6ba76db9fabbaef9de65143166108cfbe2280b83c226b0e77f2fb92954e87229,10262,0,entity,unknown entity,statistical-geography:E04013142,
parish,6ba76db9fabbaef9de65143166108cfbe2280b83c226b0e77f2fb92954e87229,10263,0,entity,unknown entity,statistical-geography:E04013143,
parish,6ba76db9fabbaef9de65143166108cfbe2280b83c226b0e77f2fb92954e87229,10264,0,entity,unknown entity,statistical-geography:E04013144,
parish,6ba76db9fabbaef9de65143166108cfbe2280b83c226b0e77f2fb92954e87229,10265,0,entity,unknown entity,statistical-geography:E04013146,
parish,6ba76db9fabbaef9de65143166108cfbe2280b83c226b0e77f2fb92954e87229,10266,0,entity,unknown entity,statistical-geography:E04013147,
parish,6ba76db9fabbaef9de65143166108cfbe2280b83c226b0e77f2fb92954e87229,10267,0,entity,unknown entity,statistical-geography:E04013148,
parish,6ba76db9fabbaef9de65143166108cfbe2280b83c226b0e77f2fb92954e87229,10268,0,entity,unknown entity,statistical-geography:E04013149,
parish,6ba76db9fabbaef9de65143166108cfbe2280b83c226b0e77f2fb92954e87229,10269,0,entity,unknown entity,statistical-geography:E04013150,
parish,6ba76db9fabbaef9de65143166108cfbe2280b83c226b0e77f2fb92954e87229,10270,0,entity,unknown entity,statistical-geography:E04013151,
parish,6ba76db9fabbaef9de65143166108cfbe2280b83c226b0e77f2fb92954e87229,10271,0,entity,unknown entity,statistical-geography:E04013152,
parish,6ba76db9fabbaef9de65143166108cfbe2280b83c226b0e77f2fb92954e87229,10272,0,entity,unknown entity,statistical-geography:E04013153,
parish,6ba76db9fabbaef9de65143166108cfbe2280b83c226b0e77f2fb92954e87229,10273,0,entity,unknown entity,statistical-geography:E04013154,
parish,6ba76db9fabbaef9de65143166108cfbe2280b83c226b0e77f2fb92954e87229,10274,0,entity,unknown entity,statistical-geography:E04013155,
parish,6ba76db9fabbaef9de65143166108cfbe2280b83c226b0e77f2fb92954e87229,10275,0,entity,unknown entity,statistical-geography:E04013156,
parish,6ba76db9fabbaef9de65143166108cfbe2280b83c226b0e77f2fb92954e87229,10276,0,entity,unknown entity,statistical-geography:E04013157,
parish,6ba76db9fabbaef9de65143166108cfbe2280b83c226b0e77f2fb92954e87229,10277,0,entity,unknown entity,statistical-geography:E04013158,
parish,6ba76db9fabbaef9de65143166108cfbe2280b83c226b0e77f2fb92954e87229,10278,0,entity,unknown entity,statistical-geography:E04013159,
parish,6ba76db9fabbaef9de65143166108cfbe2280b83c226b0e77f2fb92954e87229,10279,0,entity,unknown entity,statistical-geography:E04013160,
parish,6ba76db9fabbaef9de65143166108cfbe2280b83c226b0e77f2fb92954e87229,10280,0,entity,unknown entity,statistical-geography:E04013161,
parish,6ba76db9fabbaef9de65143166108cfbe2280b83c226b0e77f2fb92954e87229,10281,0,entity,unknown entity,statistical-geography:E04013162,
parish,6ba76db9fabbaef9de65143166108cfbe2280b83c226b0e77f2fb92954e87229,10282,0,entity,unknown entity,statistical-geography:E04013163,
parish,6ba76db9fabbaef9de65143166108cfbe2280b83c226b0e77f2fb92954e87229,10283,0,entity,unknown entity,statistical-geography:E04013164,
parish,6ba76db9fabbaef9de65143166108cfbe2280b83c226b0e77f2fb92954e87229,10284,0,entity,unknown entity,statistical-geography:E04013165,
parish,6ba76db9fabbaef9de65143166108cfbe2280b83c226b0e77f2fb92954e87229,10285,0,entity,unknown entity,statistical-geography:E04013166,
parish,6ba76db9fabbaef9de65143166108cfbe2280b83c226b0e77f2fb92954e87229,10286,0,entity,unknown entity,statistical-geography:E04013167,
parish,6ba76db9fabbaef9de65143166108cfbe2280b83c226b0e77f2fb92954e87229,10287,0,entity,unknown entity,statistical-geography:E04013168,
parish,6ba76db9fabbaef9de65143166108cfbe2280b83c226b0e77f2fb92954e87229,10288,0,entity,unknown entity,statistical-geography:E04013169,
parish,6ba76db9fabbaef9de65143166108cfbe2280b83c226b0e77f2fb92954e87229,10289,0,entity,unknown entity,statistical-geography:E04013170,
parish,6ba76db9fabbaef9de65143166108cfbe2280b83c226b0e77f2fb92954e87229,10290,0,entity,unknown entity,statistical-geography:E04013171,
parish,6ba76db9fabbaef9de65143166108cfbe2280b83c226b0e77f2fb92954e87229,10291,0,entity,unknown entity,statistical-geography:E04013172,
parish,6ba76db9fabbaef9de65143166108cfbe2280b83c226b0e77f2fb92954e87229,10292,0,entity,unknown entity,statistical-geography:E04013173,
parish,6ba76db9fabbaef9de65143166108cfbe2280b83c226b0e77f2fb92954e87229,10293,0,entity,unknown entity,statistical-geography:E04013174,
parish,6ba76db9fabbaef9de65143166108cfbe2280b83c226b0e77f2fb92954e87229,10294,0,entity,unknown entity,statistical-geography:E04013175,
parish,6ba76db9fabbaef9de65143166108cfbe2280b83c226b0e77f2fb92954e87229,10295,0,entity,unknown entity,statistical-geography:E04013176,
parish,6ba76db9fabbaef9de65143166108cfbe2280b83c226b0e77f2fb92954e87229,10296,0,entity,unknown entity,statistical-geography:E04013177,
parish,6ba76db9fabbaef9de65143166108cfbe2280b83c226b0e77f2fb92954e87229,10297,0,entity,unknown entity,statistical-geography:E04013178,
parish,6ba76db9fabbaef9de65143166108cfbe2280b83c226b0e77f2fb92954e87229,10298,0,entity,unknown entity,statistical-geography:E04013179,
parish,6ba76db9fabbaef9de65143166108cfbe2280b83c226b0e77f2fb92954e87229,10299,0,entity,unknown entity,statistical-geography:E04013180,
parish,6ba76db9fabbaef9de65143166108cfbe2280b83c226b0e77f2fb92954e87229,10300,0,entity,unknown entity,statistical-geography:E04013181,
parish,6ba76db9fabbaef9de65143166108cfbe2280b83c226b0e77f2fb92954e87229,10301,0,entity,unknown entity,statistical-geography:E04013182,
parish,6ba76db9fabbaef9de65143166108cfbe2280b83c226b0e77f2fb92954e87229,10302,0,entity,unknown entity,statistical-geography:E04013183,
parish,6ba76db9fabbaef9de65143166108cfbe2280b83c226b0e77f2fb92954e87229,10303,0,entity,unknown entity,statistical-geography:E04013184,
parish,6ba76db9fabbaef9de65143166108cfbe2280b83c226b0e77f2fb92954e87229,10304,0,entity,unknown entity,statistical-geography:E04013185,
parish,6ba76db9fabbaef9de65143166108cfbe2280b83c226b0e77f2fb92954e87229,10305,0,entity,unknown entity,statistical-geography:E04013186,
parish,6ba76db9fabbaef9de65143166108cfbe2280b83c226b0e77f2fb92954e87229,10306,0,entity,unknown entity,statistical-geography:E04013187,
parish,6ba76db9fabbaef9de65143166108cfbe2280b83c226b0e77f2fb92954e87229,10307,0,entity,unknown entity,statistical-geography:E04013188,
parish,6ba76db9fabbaef9de65143166108cfbe2280b83c226b0e77f2fb92954e87229,10308,0,entity,unknown entity,statistical-geography:E04013189,
parish,6ba76db9fabbaef9de65143166108cfbe2280b83c226b0e77f2fb92954e87229,10309,0,entity,unknown entity,statistical-geography:E04013190,
parish,6ba76db9fabbaef9de65143166108cfbe2280b83c226b0e77f2fb92954e87229,10310,0,entity,unknown entity,statistical-geography:E04013191,
parish,6ba76db9fabbaef9de65143166108cfbe2280b83c226b0e77f2fb92954e87229,10311,0,entity,unknown entity,statistical-geography:E04013192,
parish,6ba76db9fabbaef9de65143166108cfbe2280b83c226b0e77f2fb92954e87229,10312,0,entity,unknown entity,statistical-geography:E04013193,
parish,6ba76db9fabbaef9de65143166108cfbe2280b83c226b0e77f2fb92954e87229,10313,0,entity,unknown entity,statistical-geography:E04013194,
parish,6ba76db9fabbaef9de65143166108cfbe2280b83c226b0e77f2fb92954e87229,10314,0,entity,unknown entity,statistical-geography:E04013195,
parish,6ba76db9fabbaef9de65143166108cfbe2280b83c226b0e77f2fb92954e87229,10315,0,entity,unknown entity,statistical-geography:E04013196,
parish,6ba76db9fabbaef9de65143166108cfbe2280b83c226b0e77f2fb92954e87229,10316,0,entity,unknown entity,statistical-geography:E04013197,
parish,6ba76db9fabbaef9de65143166108cfbe2280b83c226b0e77f2fb92954e87229,10317,0,entity,unknown entity,statistical-geography:E04013198,
parish,6ba76db9fabbaef9de65143166108cfbe2280b83c226b0e77f2fb92954e87229,10318,0,entity,unknown entity,statistical-geography:E04013199,
parish,6ba76db9fabbaef9de65143166108cfbe2280b83c226b0e77f2fb92954e87229,10319,0,entity,unknown entity,statistical-geography:E04013200,
parish,6ba76db9fabbaef9de65143166108cfbe2280b83c226b0e77f2fb92954e87229,10320,0,entity,unknown entity,statistical-geography:E04013201,
parish,6ba76db9fabbaef9de65143166108cfbe2280b83c226b0e77f2fb92954e87229,10321,0,entity,unknown entity,statistical-geography:E04013202,
parish,6ba76db9fabbaef9de65143166108cfbe2280b83c226b0e77f2fb92954e87229,10322,0,entity,unknown entity,statistical-geography:E04013203,
parish,6ba76db9fabbaef9de65143166108cfbe2280b83c226b0e77f2fb92954e87229,10323,0,entity,unknown entity,statistical-geography:E04013204,
parish,6ba76db9fabbaef9de65143166108cfbe2280b83c226b0e77f2fb92954e87229,10324,0,entity,unknown entity,statistical-geography:E04013205,
parish,6ba76db9fabbaef9de65143166108cfbe2280b83c226b0e77f2fb92954e87229,10325,0,entity,unknown entity,statistical-geography:E04013206,
parish,6ba76db9fabbaef9de65143166108cfbe2280b83c226b0e77f2fb92954e87229,10326,0,entity,unknown entity,statistical-geography:E04013207,
parish,6ba76db9fabbaef9de65143166108cfbe2280b83c226b0e77f2fb92954e87229,10327,0,entity,unknown entity,statistical-geography:E04013208,
parish,6ba76db9fabbaef9de65143166108cfbe2280b83c226b0e77f2fb92954e87229,10328,0,entity,unknown entity,statistical-geography:E04013209,
parish,6ba76db9fabbaef9de65143166108cfbe2280b83c226b0e77f2fb92954e87229,10329,0,entity,unknown entity,statistical-geography:E04013210,
parish,6ba76db9fabbaef9de65143166108cfbe2280b83c226b0e77f2fb92954e87229,10330,0,entity,unknown entity,statistical-geography:E04013211,
parish,6ba76db9fabbaef9de65143166108cfbe2280b83c226b0e77f2fb92954e87229,10331,0,entity,unknown entity,statistical-geography:E04013212,
parish,6ba76db9fabbaef9de65143166108cfbe2280b83c226b0e77f2fb92954e87229,10332,0,entity,unknown entity,statistical-geography:E04013213,
parish,6ba76db9fabbaef9de65143166108cfbe2280b83c226b0e77f2fb92954e87229,10333,0,entity,unknown entity,statistical-geography:E04013214,
parish,6ba76db9fabbaef9de65143166108cfbe2280b83c226b0e77f2fb92954e87229,10334,0,entity,unknown entity,statistical-geography:E04013215,
parish,6ba76db9fabbaef9de65143166108cfbe2280b83c226b0e77f2fb92954e87229,10335,0,entity,unknown entity,statistical-geography:E04013216,
parish,6ba76db9fabbaef9de65143166108cfbe2280b83c226b0e77f2fb92954e87229,10336,0,entity,unknown entity,statistical-geography:E04013217,
parish,6ba76db9fabbaef9de65143166108cfbe2280b83c226b0e77f2fb92954e87229,10337,0,entity,unknown entity,statistical-geography:E04013218,
parish,6ba76db9fabbaef9de65143166108cfbe2280b83c226b0e77f2fb92954e87229,10338,0,entity,unknown entity,statistical-geography:E04013219,
parish,6ba76db9fabbaef9de65143166108cfbe2280b83c226b0e77f2fb92954e87229,10339,0,entity,unknown entity,statistical-geography:E04013220,
parish,6ba76db9fabbaef9de65143166108cfbe2280b83c226b0e77f2fb92954e87229,10340,0,entity,unknown entity,statistical-geography:E04013221,
parish,6ba76db9fabbaef9de65143166108cfbe2280b83c226b0e77f2fb92954e87229,10341,0,entity,unknown entity,statistical-geography:E04013222,
parish,6ba76db9fabbaef9de65143166108cfbe2280b83c226b0e77f2fb92954e87229,10342,0,entity,unknown entity,statistical-geography:E04013223,
parish,6ba76db9fabbaef9de65143166108cfbe2280b83c226b0e77f2fb92954e87229,10343,0,entity,unknown entity,statistical-geography:E04013224,
parish,6ba76db9fabbaef9de65143166108cfbe2280b83c226b0e77f2fb92954e87229,10344,0,entity,unknown entity,statistical-geography:E04013225,
parish,6ba76db9fabbaef9de65143166108cfbe2280b83c226b0e77f2fb92954e87229,10345,0,entity,unknown entity,statistical-geography:E04013226,
parish,6ba76db9fabbaef9de65143166108cfbe2280b83c226b0e77f2fb92954e87229,10346,0,entity,unknown entity,statistical-geography:E04013227,
parish,6ba76db9fabbaef9de65143166108cfbe2280b83c226b0e77f2fb92954e87229,10347,0,entity,unknown entity,statistical-geography:E04013228,
parish,6ba76db9fabbaef9de65143166108cfbe2280b83c226b0e77f2fb92954e87229,10348,0,entity,unknown entity,statistical-geography:E04013229,
parish,6ba76db9fabbaef9de65143166108cfbe2280b83c226b0e77f2fb92954e87229,10349,0,entity,unknown entity,statistical-geography:E04013230,
parish,6ba76db9fabbaef9de65143166108cfbe2280b83c226b0e77f2fb92954e87229,10350,0,entity,unknown entity,statistical-geography:E04013231,
parish,6ba76db9fabbaef9de65143166108cfbe2280b83c226b0e77f2fb92954e87229,10351,0,entity,unknown entity,statistical-geography:E04013232,
parish,6ba76db9fabbaef9de65143166108cfbe2280b83c226b0e77f2fb92954e87229,10352,0,entity,unknown entity,statistical-geography:E04013233,
parish,6ba76db9fabbaef9de65143166108cfbe2280b83c226b0e77f2fb92954e87229,10353,0,entity,unknown entity,statistical-geography:E04013234,
parish,6ba76db9fabbaef9de65143166108cfbe2280b83c226b0e77f2fb92954e87229,10354,0,entity,unknown entity,statistical-geography:E04013235,
parish,6ba76db9fabbaef9de65143166108cfbe2280b83c226b0e77f2fb92954e87229,10355,0,entity,unknown entity,statistical-geography:E04013236,
parish,6ba76db9fabbaef9de65143166108cfbe2280b83c226b0e77f2fb92954e87229,10356,0,entity,unknown entity,statistical-geography:E04013237,
parish,6ba76db9fabbaef9de65143166108cfbe2280b83c226b0e77f2fb92954e87229,10357,0,entity,unknown entity,statistical-geography:E04013238,
parish,6ba76db9fabbaef9de65143166108cfbe2280b83c226b0e77f2fb92954e87229,10358,0,entity,unknown entity,statistical-geography:E04013239,
parish,6ba76db9fabbaef9de65143166108cfbe2280b83c226b0e77f2fb92954e87229,10359,0,entity,unknown entity,statistical-geography:E04013240,
parish,6ba76db9fabbaef9de65143166108cfbe2280b83c226b0e77f2fb92954e87229,10360,0,entity,unknown entity,statistical-geography:E04013241,
parish,6ba76db9fabbaef9de65143166108cfbe2280b83c226b0e77f2fb92954e87229,10361,0,entity,unknown entity,statistical-geography:E04013242,
parish,6ba76db9fabbaef9de65143166108cfbe2280b83c226b0e77f2fb92954e87229,10362,0,entity,unknown entity,statistical-geography:E04013243,
parish,6ba76db9fabbaef9de65143166108cfbe2280b83c226b0e77f2fb92954e87229,10363,0,entity,unknown entity,statistical-geography:E04013244,
parish,6ba76db9fabbaef9de65143166108cfbe2280b83c226b0e77f2fb92954e87229,10364,0,entity,unknown entity,statistical-geography:E04013245,
parish,6ba76db9fabbaef9de65143166108cfbe2280b83c226b0e77f2fb92954e87229,10365,0,entity,unknown entity,statistical-geography:E04013246,
parish,6ba76db9fabbaef9de65143166108cfbe2280b83c226b0e77f2fb92954e87229,10366,0,entity,unknown entity,statistical-geography:E04013247,
parish,6ba76db9fabbaef9de65143166108cfbe2280b83c226b0e77f2fb92954e87229,10367,0,entity,unknown entity,statistical-geography:E04013248,
parish,6ba76db9fabbaef9de65143166108cfbe2280b83c226b0e77f2fb92954e87229,10368,0,entity,unknown entity,statistical-geography:E04013249,
parish,6ba76db9fabbaef9de65143166108cfbe2280b83c226b0e77f2fb92954e87229,10369,0,entity,unknown entity,statistical-geography:E04013250,
parish,6ba76db9fabbaef9de65143166108cfbe2280b83c226b0e77f2fb92954e87229,10370,0,entity,unknown entity,statistical-geography:E04013251,
parish,6ba76db9fabbaef9de65143166108cfbe2280b83c226b0e77f2fb92954e87229,10371,0,entity,unknown entity,statistical-geography:E04013252,
parish,6ba76db9fabbaef9de65143166108cfbe2280b83c226b0e77f2fb92954e87229,10372,0,entity,unknown entity,statistical-geography:E04013253,
parish,6ba76db9fabbaef9de65143166108cfbe2280b83c226b0e77f2fb92954e87229,10373,0,entity,unknown entity,statistical-geography:E04013254,
parish,6ba76db9fabbaef9de65143166108cfbe2280b83c226b0e77f2fb92954e87229,10374,0,entity,unknown entity,statistical-geography:E04013255,
parish,6ba76db9fabbaef9de65143166108cfbe2280b83c226b0e77f2fb92954e87229,10375,0,entity,unknown entity,statistical-geography:E04013256,
parish,6ba76db9fabbaef9de65143166108cfbe2280b83c226b0e77f2fb92954e87229,10376,0,entity,unknown entity,statistical-geography:E04013257,
parish,6ba76db9fabbaef9de65143166108cfbe2280b83c226b0e77f2fb92954e87229,10377,0,entity,unknown entity,statistical-geography:E04013258,
parish,6ba76db9fabbaef9de65143166108cfbe2280b83c226b0e77f2fb92954e87229,10378,0,entity,unknown entity,statistical-geography:E04013259,
parish,6ba76db9fabbaef9de65143166108cfbe2280b83c226b0e77f2fb92954e87229,10379,0,entity,unknown entity,statistical-geography:E04013260,
parish,6ba76db9fabbaef9de65143166108cfbe2280b83c226b0e77f2fb92954e87229,10380,0,entity,unknown entity,statistical-geography:E04013261,
parish,6ba76db9fabbaef9de65143166108cfbe2280b83c226b0e77f2fb92954e87229,10381,0,entity,unknown entity,statistical-geography:E04013262,
parish,6ba76db9fabbaef9de65143166108cfbe2280b83c226b0e77f2fb92954e87229,10382,0,entity,unknown entity,statistical-geography:E04013263,
parish,6ba76db9fabbaef9de65143166108cfbe2280b83c226b0e77f2fb92954e87229,10383,0,entity,unknown entity,statistical-geography:E04013264,
parish,6ba76db9fabbaef9de65143166108cfbe2280b83c226b0e77f2fb92954e87229,10384,0,entity,unknown entity,statistical-geography:E04013265,
parish,6ba76db9fabbaef9de65143166108cfbe2280b83c226b0e77f2fb92954e87229,10385,0,entity,unknown entity,statistical-geography:E04013266,
parish,6ba76db9fabbaef9de65143166108cfbe2280b83c226b0e77f2fb92954e87229,10386,0,entity,unknown entity,statistical-geography:E04013267,
parish,6ba76db9fabbaef9de65143166108cfbe2280b83c226b0e77f2fb92954e87229,10387,0,entity,unknown entity,statistical-geography:E04013268,
parish,6ba76db9fabbaef9de65143166108cfbe2280b83c226b0e77f2fb92954e87229,10388,0,entity,unknown entity,statistical-geography:E04013269,
parish,6ba76db9fabbaef9de65143166108cfbe2280b83c226b0e77f2fb92954e87229,10389,0,entity,unknown entity,statistical-geography:E04013270,
parish,6ba76db9fabbaef9de65143166108cfbe2280b83c226b0e77f2fb92954e87229,10390,0,entity,unknown entity,statistical-geography:E04013271,
parish,6ba76db9fabbaef9de65143166108cfbe2280b83c226b0e77f2fb92954e87229,10391,0,entity,unknown entity,statistical-geography:E04013272,
parish,6ba76db9fabbaef9de65143166108cfbe2280b83c226b0e77f2fb92954e87229,10392,0,entity,unknown entity,statistical-geography:E04013273,
parish,6ba76db9fabbaef9de65143166108cfbe2280b83c226b0e77f2fb92954e87229,10393,0,entity,unknown entity,statistical-geography:E04013274,
parish,6ba76db9fabbaef9de65143166108cfbe2280b83c226b0e77f2fb92954e87229,10394,0,entity,unknown entity,statistical-geography:E04013275,
parish,6ba76db9fabbaef9de65143166108cfbe2280b83c226b0e77f2fb92954e87229,10395,0,entity,unknown entity,statistical-geography:E04013276,
parish,6ba76db9fabbaef9de65143166108cfbe2280b83c226b0e77f2fb92954e87229,10396,0,entity,unknown entity,statistical-geography:E04013277,
parish,6ba76db9fabbaef9de65143166108cfbe2280b83c226b0e77f2fb92954e87229,10397,0,entity,unknown entity,statistical-geography:E04013278,
parish,6ba76db9fabbaef9de65143166108cfbe2280b83c226b0e77f2fb92954e87229,10398,0,entity,unknown entity,statistical-geography:E04013279,
parish,6ba76db9fabbaef9de65143166108cfbe2280b83c226b0e77f2fb92954e87229,10399,0,entity,unknown entity,statistical-geography:E04013280,
parish,6ba76db9fabbaef9de65143166108cfbe2280b83c226b0e77f2fb92954e87229,10400,0,entity,unknown entity,statistical-geography:E04013281,
parish,6ba76db9fabbaef9de65143166108cfbe2280b83c226b0e77f2fb92954e87229,10401,0,entity,unknown entity,statistical-geography:E04013282,
parish,6ba76db9fabbaef9de65143166108cfbe2280b83c226b0e77f2fb92954e87229,10402,0,entity,unknown entity,statistical-geography:E04013283,
parish,6ba76db9fabbaef9de65143166108cfbe2280b83c226b0e77f2fb92954e87229,10403,0,entity,unknown entity,statistical-geography:E04013284,
parish,6ba76db9fabbaef9de65143166108cfbe2280b83c226b0e77f2fb92954e87229,10404,0,entity,unknown entity,statistical-geography:E04013285,
parish,6ba76db9fabbaef9de65143166108cfbe2280b83c226b0e77f2fb92954e87229,10405,0,entity,unknown entity,statistical-geography:E04013286,
parish,6ba76db9fabbaef9de65143166108cfbe2280b83c226b0e77f2fb92954e87229,10406,0,entity,unknown entity,statistical-geography:E04013287,
parish,6ba76db9fabbaef9de65143166108cfbe2280b83c226b0e77f2fb92954e87229,10407,0,entity,unknown entity,statistical-geography:E04013288,
parish,6ba76db9fabbaef9de65143166108cfbe2280b83c226b0e77f2fb92954e87229,10408,0,entity,unknown entity,statistical-geography:E04013289,
parish,6ba76db9fabbaef9de65143166108cfbe2280b83c226b0e77f2fb92954e87229,10409,0,entity,unknown entity,statistical-geography:E04013290,
parish,6ba76db9fabbaef9de65143166108cfbe2280b83c226b0e77f2fb92954e87229,10410,0,entity,unknown entity,statistical-geography:E04013291,
parish,6ba76db9fabbaef9de65143166108cfbe2280b83c226b0e77f2fb92954e87229,10411,0,entity,unknown entity,statistical-geography:E04013292,
parish,6ba76db9fabbaef9de65143166108cfbe2280b83c226b0e77f2fb92954e87229,10412,0,entity,unknown entity,statistical-geography:E04013293,
parish,6ba76db9fabbaef9de65143166108cfbe2280b83c226b0e77f2fb92954e87229,10413,0,entity,unknown entity,statistical-geography:E04013294,
parish,6ba76db9fabbaef9de65143166108cfbe2280b83c226b0e77f2fb92954e87229,10414,0,entity,unknown entity,statistical-geography:E04013295,
parish,6ba76db9fabbaef9de65143166108cfbe2280b83c226b0e77f2fb92954e87229,10415,0,entity,unknown entity,statistical-geography:E04013296,
parish,6ba76db9fabbaef9de65143166108cfbe2280b83c226b0e77f2fb92954e87229,10416,0,entity,unknown entity,statistical-geography:E04013297,
parish,6ba76db9fabbaef9de65143166108cfbe2280b83c226b0e77f2fb92954e87229,10417,0,entity,unknown entity,statistical-geography:E04013298,
parish,6ba76db9fabbaef9de65143166108cfbe2280b83c226b0e77f2fb92954e87229,10418,0,entity,unknown entity,statistical-geography:E04013299,
parish,6ba76db9fabbaef9de65143166108cfbe2280b83c226b0e77f2fb92954e87229,10419,0,entity,unknown entity,statistical-geography:E04013300,
parish,6ba76db9fabbaef9de65143166108cfbe2280b83c226b0e77f2fb92954e87229,10420,0,entity,unknown entity,statistical-geography:E04013301,
parish,6ba76db9fabbaef9de65143166108cfbe2280b83c226b0e77f2fb92954e87229,10421,0,entity,unknown entity,statistical-geography:E04013302,
parish,6ba76db9fabbaef9de65143166108cfbe2280b83c226b0e77f2fb92954e87229,10422,0,entity,unknown entity,statistical-geography:E04013303,
parish,6ba76db9fabbaef9de65143166108cfbe2280b83c226b0e77f2fb92954e87229,10423,0,entity,unknown entity,statistical-geography:E04013304,
parish,6ba76db9fabbaef9de65143166108cfbe2280b83c226b0e77f2fb92954e87229,10424,0,entity,unknown entity,statistical-geography:E04013305,
parish,6ba76db9fabbaef9de65143166108cfbe2280b83c226b0e77f2fb92954e87229,10425,0,entity,unknown entity,statistical-geography:E04013306,
parish,6ba76db9fabbaef9de65143166108cfbe2280b83c226b0e77f2fb92954e87229,10426,0,entity,unknown entity,statistical-geography:E04013307,
parish,6ba76db9fabbaef9de65143166108cfbe2280b83c226b0e77f2fb92954e87229,10427,0,entity,unknown entity,statistical-geography:E04013308,
parish,6ba76db9fabbaef9de65143166108cfbe2280b83c226b0e77f2fb92954e87229,10428,0,entity,unknown entity,statistical-geography:E04013309,
parish,6ba76db9fabbaef9de65143166108cfbe2280b83c226b0e77f2fb92954e87229,10429,0,entity,unknown entity,statistical-geography:E04013310,
parish,6ba76db9fabbaef9de65143166108cfbe2280b83c226b0e77f2fb92954e87229,10430,0,entity,unknown entity,statistical-geography:E04013311,
parish,6ba76db9fabbaef9de65143166108cfbe2280b83c226b0e77f2fb92954e87229,10431,0,entity,unknown entity,statistical-geography:E04013312,
parish,6ba76db9fabbaef9de65143166108cfbe2280b83c226b0e77f2fb92954e87229,10432,0,entity,unknown entity,statistical-geography:E04013313,
parish,6ba76db9fabbaef9de65143166108cfbe2280b83c226b0e77f2fb92954e87229,10433,0,entity,unknown entity,statistical-geography:E04013314,
parish,6ba76db9fabbaef9de65143166108cfbe2280b83c226b0e77f2fb92954e87229,10434,0,entity,unknown entity,statistical-geography:E04013315,
parish,6ba76db9fabbaef9de65143166108cfbe2280b83c226b0e77f2fb92954e87229,10435,0,entity,unknown entity,statistical-geography:E04013316,
parish,6ba76db9fabbaef9de65143166108cfbe2280b83c226b0e77f2fb92954e87229,10436,0,entity,unknown entity,statistical-geography:E04013317,
parish,6ba76db9fabbaef9de65143166108cfbe2280b83c226b0e77f2fb92954e87229,10437,0,entity,unknown entity,statistical-geography:E04013318,
parish,6ba76db9fabbaef9de65143166108cfbe2280b83c226b0e77f2fb92954e87229,10438,0,entity,unknown entity,statistical-geography:E04013319,
parish,6ba76db9fabbaef9de65143166108cfbe2280b83c226b0e77f2fb92954e87229,10439,0,entity,unknown entity,statistical-geography:E04013320,
parish,6ba76db9fabbaef9de65143166108cfbe2280b83c226b0e77f2fb92954e87229,10440,0,entity,unknown entity,statistical-geography:E04013321,
parish,6ba76db9fabbaef9de65143166108cfbe2280b83c226b0e77f2fb92954e87229,10441,0,entity,unknown entity,statistical-geography:E04013322,
parish,6ba76db9fabbaef9de65143166108cfbe2280b83c226b0e77f2fb92954e87229,10442,0,entity,unknown entity,statistical-geography:E04013323,
parish,6ba76db9fabbaef9de65143166108cfbe2280b83c226b0e77f2fb92954e87229,10443,0,entity,unknown entity,statistical-geography:E04013324,
parish,6ba76db9fabbaef9de65143166108cfbe2280b83c226b0e77f2fb92954e87229,10444,0,entity,unknown entity,statistical-geography:E04013325,
parish,6ba76db9fabbaef9de65143166108cfbe2280b83c226b0e77f2fb92954e87229,10445,0,entity,unknown entity,statistical-geography:E04013326,
parish,6ba76db9fabbaef9de65143166108cfbe2280b83c226b0e77f2fb92954e87229,10446,0,entity,unknown entity,statistical-geography:E04013327,
parish,6ba76db9fabbaef9de65143166108cfbe2280b83c226b0e77f2fb92954e87229,10447,0,entity,unknown entity,statistical-geography:E04013328,
parish,6ba76db9fabbaef9de65143166108cfbe2280b83c226b0e77f2fb92954e87229,10448,0,entity,unknown entity,statistical-geography:E04013329,
parish,6ba76db9fabbaef9de65143166108cfbe2280b83c226b0e77f2fb92954e87229,10449,0,entity,unknown entity,statistical-geography:E04013331,
parish,6ba76db9fabbaef9de65143166108cfbe2280b83c226b0e77f2fb92954e87229,10450,0,entity,unknown entity,statistical-geography:E04013332,
parish,6ba76db9fabbaef9de65143166108cfbe2280b83c226b0e77f2fb92954e87229,10451,0,entity,unknown entity,statistical-geography:E04013333,
parish,6ba76db9fabbaef9de65143166108cfbe2280b83c226b0e77f2fb92954e87229,10452,0,entity,unknown entity,statistical-geography:E04013334,
parish,6ba76db9fabbaef9de65143166108cfbe2280b83c226b0e77f2fb92954e87229,10453,0,entity,unknown entity,statistical-geography:E04013335,
parish,6ba76db9fabbaef9de65143166108cfbe2280b83c226b0e77f2fb92954e87229,10454,0,entity,unknown entity,statistical-geography:E04013336,
parish,6ba76db9fabbaef9de65143166108cfbe2280b83c226b0e77f2fb92954e87229,10455,0,entity,unknown entity,statistical-geography:E04013337,
parish,6ba76db9fabbaef9de65143166108cfbe2280b83c226b0e77f2fb92954e87229,10456,0,entity,unknown entity,statistical-geography:E04013338,
parish,6ba76db9fabbaef9de65143166108cfbe2280b83c226b0e77f2fb92954e87229,10457,0,entity,unknown entity,statistical-geography:E04013339,
parish,6ba76db9fabbaef9de65143166108cfbe2280b83c226b0e77f2fb92954e87229,10458,0,entity,unknown entity,statistical-geography:E04013340,
parish,6ba76db9fabbaef9de65143166108cfbe2280b83c226b0e77f2fb92954e87229,10459,0,entity,unknown entity,statistical-geography:E04013341,
parish,6ba76db9fabbaef9de65143166108cfbe2280b83c226b0e77f2fb92954e87229,10460,0,entity,unknown entity,statistical-geography:E04013342,
parish,6ba76db9fabbaef9de65143166108cfbe2280b83c226b0e77f2fb92954e87229,10461,0,entity,unknown entity,statistical-geography:E04013343,
parish,6ba76db9fabbaef9de65143166108cfbe2280b83c226b0e77f2fb92954e87229,10462,0,entity,unknown entity,statistical-geography:E04013344,
parish,6ba76db9fabbaef9de65143166108cfbe2280b83c226b0e77f2fb92954e87229,10463,0,entity,unknown entity,statistical-geography:E04013345,
parish,6ba76db9fabbaef9de65143166108cfbe2280b83c226b0e77f2fb92954e87229,10464,0,entity,unknown entity,statistical-geography:E04013346,
parish,6ba76db9fabbaef9de65143166108cfbe2280b83c226b0e77f2fb92954e87229,10465,0,entity,unknown entity,statistical-geography:E04013347,
parish,6ba76db9fabbaef9de65143166108cfbe2280b83c226b0e77f2fb92954e87229,10466,0,entity,unknown entity,statistical-geography:E04013348,
parish,6ba76db9fabbaef9de65143166108cfbe2280b83c226b0e77f2fb92954e87229,10467,0,entity,unknown entity,statistical-geography:E04013349,
